route_id,selection_number,manifest_version,requested_name,canonical_name,selection_group,required_summit,summit_order,is_replacement,conditions_scope,source_url,supporting_source_url,source_component_urls,source_review_status,source_review_date,gpx_url,match_names,itinerary_type,start_policy,start_name,descent_policy,itinerary_verified,dry_summer_verified,route_scope_status,yds_class_override,yds_override_provenance,related_itinerary_group,review_note,primary_peak,summits,source_kind,identity_status,catalog_status,geometry_scope,complete_itinerary_verified,plot_ready,rank_ready,voting_ready,catalog_version,feature_version,yds_class,scope_note
co14-001,1,2.0.0,Mt. Elbert - Northeast Ridge,Mt. Elbert - Northeast Ridge,standard_ranked_requested,Mt. Elbert,Mt. Elbert,false,dry_summer,https://www.14ers.com/route.php?route=elbe1,,,official_identity_verified,2026-09-30,,,out_and_back,lowest_published_summer_start,,reverse_ascent,false,false,published_summer_route,,,,,Mt. Elbert,"[""Mt. Elbert""]",official_overview,verified,recorded_profile_with_qa,recorded_source_track,false,true,true,false,2.0.0,3.1.1,1,
co14-002,2,2.0.0,Mt. Massive - East Slopes,Mt. Massive - East Slopes,standard_ranked_requested,Mt. Massive,Mt. Massive,false,dry_summer,https://www.14ers.com/route.php?route=mass1,,,official_identity_verified,2026-09-30,,,out_and_back,lowest_published_summer_start,,reverse_ascent,false,false,published_summer_route,,,,,Mt. Massive,"[""Mt. Massive""]",official_overview,verified,recorded_profile_with_qa,recorded_source_track,false,true,true,false,2.0.0,3.1.1,2,
co14-003,3,2.0.0,Mt. Harvard - South Slopes,Mt. Harvard - South Slopes,standard_ranked_requested,Mt. Harvard,Mt. Harvard,false,dry_summer,https://www.14ers.com/route.php?route=harv1,,,official_identity_verified,2026-09-30,,,out_and_back,lowest_published_summer_start,,reverse_ascent,false,false,published_summer_route,,,,,Mt. Harvard,"[""Mt. Harvard""]",official_overview,verified,recorded_profile_with_qa,recorded_source_track,false,true,true,false,2.0.0,3.1.1,2,
co14-004,4,2.0.0,Blanca Peak - Northwest Ridge,Blanca Peak - Northwest Ridge,standard_ranked_requested,Blanca Peak,Blanca Peak,false,dry_summer,https://www.14ers.com/route.php?route=blan1,,,official_identity_verified,2026-09-30,,,out_and_back,lowest_published_summer_start,"8,000",reverse_ascent,false,false,published_summer_route,,,,,Blanca Peak,"[""Blanca Peak""]",official_overview,verified,recorded_profile_with_qa,recorded_source_track,false,true,true,false,2.0.0,3.1.1,2,
co14-005,5,2.0.0,La Plata Peak - Northwest Ridge,La Plata Peak - Northwest Ridge,standard_ranked_requested,La Plata Peak,La Plata Peak,false,dry_summer,https://www.14ers.com/route.php?route=lapl1,,,official_identity_verified,2026-09-30,,,out_and_back,lowest_published_summer_start,,reverse_ascent,false,false,published_summer_route,,,,,La Plata Peak,"[""La Plata Peak""]",official_overview,verified,recorded_profile_with_qa,recorded_source_track,false,true,true,false,2.0.0,3.1.1,2,
co14-006,6,2.0.0,Uncompahgre Peak - South Ridge,Uncompahgre Peak - South Ridge,standard_ranked_requested,Uncompahgre Peak,Uncompahgre Peak,false,dry_summer,https://www.14ers.com/route.php?route=unco1,,,official_identity_verified,2026-09-30,,,out_and_back,lowest_published_summer_start,2WD TH,reverse_ascent,false,false,published_summer_route,,,,,Uncompahgre Peak,"[""Uncompahgre Peak""]",official_overview,verified,recorded_profile_with_qa,recorded_source_track,false,true,true,false,2.0.0,3.1.1,2,
co14-007,7,2.0.0,Crestone Peak - South Face,Crestone Peak - South Face,standard_ranked_requested,Crestone Peak,Crestone Peak,false,dry_summer,https://www.14ers.com/route.php?route=cpea2,,,official_identity_verified,2026-09-30,,,out_and_back,lowest_published_summer_start,SC 2WD TH,reverse_ascent,false,false,published_summer_route,,,,,Crestone Peak,"[""Crestone Peak""]",official_overview,verified,recorded_profile_with_qa,recorded_source_track,false,true,true,false,2.0.0,3.1.1,3,
co14-009,9,2.0.0,Grays Peak - North Slopes,Grays Peak - North Slopes,standard_ranked_requested,Grays Peak,Grays Peak,false,dry_summer,https://www.14ers.com/route.php?route=gray1,,,official_identity_verified,2026-09-30,,,out_and_back,lowest_published_summer_start,,reverse_ascent,false,false,published_summer_route,,,,,Grays Peak,"[""Grays Peak""]",official_overview,verified,recorded_profile_with_qa,recorded_source_track,false,true,true,false,2.0.0,3.1.1,1,
co14-010,10,2.0.0,Mt. Antero - West Slopes,Mt. Antero - West Slopes,standard_ranked_requested,Mt. Antero,Mt. Antero,false,dry_summer,https://www.14ers.com/route.php?route=ante1,,,official_identity_verified,2026-09-30,,,out_and_back,lowest_published_summer_start,,reverse_ascent,false,false,published_summer_route,,,,,Mt. Antero,"[""Mt. Antero""]",official_overview,verified,recorded_profile_with_qa,recorded_source_track,false,true,true,false,2.0.0,3.1.1,2,
co14-011,11,2.0.0,Torreys Peak - South Slopes,Torreys Peak - South Slopes,standard_ranked_requested,Torreys Peak,Torreys Peak,false,dry_summer,https://www.14ers.com/route.php?route=torr2,,,official_identity_verified,2026-09-30,,,out_and_back,lowest_published_summer_start,,reverse_ascent,false,false,published_summer_route,,,,,Torreys Peak,"[""Torreys Peak""]",official_overview,verified,recorded_profile_with_qa,recorded_source_track,false,true,true,false,2.0.0,3.1.1,1,
co14-012,12,2.0.0,Castle Peak - Northeast Ridge,Castle Peak - Northeast Ridge,standard_ranked_requested,Castle Peak,Castle Peak,false,dry_summer,https://www.14ers.com/route.php?route=cast1,,,official_identity_verified,2026-09-30,,,out_and_back,lowest_published_summer_start,the main trailhead,reverse_ascent,false,false,published_summer_route,,,,,Castle Peak,"[""Castle Peak""]",official_overview,verified,recorded_profile_with_qa,recorded_source_track,false,true,true,false,2.0.0,3.1.1,2,
co14-013,13,2.0.0,Quandary Peak - East Ridge,Quandary Peak - East Ridge,standard_ranked_requested,Quandary Peak,Quandary Peak,false,dry_summer,https://www.14ers.com/route.php?route=quan1,,,official_identity_verified,2026-09-30,,,out_and_back,lowest_published_summer_start,,reverse_ascent,false,false,published_summer_route,,,,,Quandary Peak,"[""Quandary Peak""]",official_overview,verified,recorded_profile_with_qa,recorded_source_track,false,true,true,false,2.0.0,3.1.1,1,
co14-014,14,2.0.0,Mt. Blue Sky - West Ridge,Mt. Blue Sky - West Ridge from Summit Lake,standard_ranked_requested,Mt. Blue Sky,Mt. Blue Sky,false,dry_summer,https://www.14ers.com/route.php?route=evan2,,,official_identity_verified,2026-09-30,,,out_and_back,published_standard_start,Summit Lake,reverse_ascent,false,false,published_summer_route,,,,West Ridge baseline starts at Summit Lake; retain other Blue Sky approaches separately.,Mt. Blue Sky,"[""Mt. Blue Sky""]",official_overview,verified,recorded_profile_with_qa,recorded_source_track,false,true,true,false,2.0.0,3.1.1,2,
co14-015,15,2.0.0,Longs Peak - Keyhole Route,Longs Peak - Keyhole Route,standard_ranked_requested,Longs Peak,Longs Peak,false,dry_summer,https://www.14ers.com/route.php?route=long1,,,official_identity_verified,2026-09-30,,,out_and_back,lowest_published_summer_start,Longs Peak Trailhead,Keyhole Route to Longs Peak Trailhead,false,false,published_summer_route,,,,,Longs Peak,"[""Longs Peak""]",official_overview,verified,recorded_profile_with_qa,recorded_source_track,false,true,true,false,2.0.0,3.1.1,3,
co14-016,16,2.0.0,Mt. Wilson - Southwest Slopes,Mt. Wilson - Southwest Slopes,standard_ranked_requested,Mt. Wilson,Mt. Wilson,false,dry_summer,https://www.14ers.com/route.php?route=mwil6,,,official_identity_verified,2026-09-30,,,out_and_back,lowest_published_summer_start,,reverse_ascent,false,false,published_summer_route,,,,,Mt. Wilson,"[""Mt. Wilson""]",official_overview,verified,recorded_profile_with_qa,recorded_source_track,false,true,true,false,2.0.0,3.1.1,3,
co14-017,17,2.0.0,Mt. Shavano - East Slopes,Mt. Shavano - East Slopes,standard_ranked_requested,Mt. Shavano,Mt. Shavano,false,dry_summer,https://www.14ers.com/route.php?route=shav1,,,official_identity_verified,2026-09-30,,,out_and_back,lowest_published_summer_start,,reverse_ascent,false,false,published_summer_route,,,,,Mt. Shavano,"[""Mt. Shavano""]",official_overview,verified,recorded_profile_with_qa,recorded_source_track,false,true,true,false,2.0.0,3.1.1,2,
co14-018,18,2.0.0,Mt. Princeton - East Slopes,Mt. Princeton - East Slopes,standard_ranked_requested,Mt. Princeton,Mt. Princeton,false,dry_summer,https://www.14ers.com/route.php?route=prin1,,,official_identity_verified,2026-09-30,,,out_and_back,lowest_published_summer_start,the 2WD trailhead,reverse_ascent,false,false,published_summer_route,,,,,Mt. Princeton,"[""Mt. Princeton""]",official_overview,verified,recorded_profile_with_qa,recorded_source_track,false,true,true,false,2.0.0,3.1.1,2,
co14-019,19,2.0.0,Mt. Belford - Northwest Ridge,Mt. Belford - Northwest Ridge,standard_ranked_requested,Mt. Belford,Mt. Belford,false,dry_summer,https://www.14ers.com/route.php?route=belf1,,,official_identity_verified,2026-09-30,,,out_and_back,lowest_published_summer_start,,reverse_ascent,false,false,published_summer_route,,,,,Mt. Belford,"[""Mt. Belford""]",official_overview,verified,recorded_profile_with_qa,recorded_source_track,false,true,true,false,2.0.0,3.1.1,2,
co14-020,20,2.0.0,Crestone Needle - South Face,Crestone Needle - South Face,standard_ranked_requested,Crestone Needle,Crestone Needle,false,dry_summer,https://www.14ers.com/route.php?route=cnee1,,,official_identity_verified,2026-09-30,,,out_and_back,lowest_published_summer_start,SC 2WD TH,reverse_ascent,false,false,published_summer_route,,,,,Crestone Needle,"[""Crestone Needle""]",official_overview,verified,recorded_profile_with_qa,recorded_source_track,false,true,true,false,2.0.0,3.1.1,4,
co14-021,21,2.0.0,Mt. Yale - Southwest Slopes,Mt. Yale - Southwest Slopes,standard_ranked_requested,Mt. Yale,Mt. Yale,false,dry_summer,https://www.14ers.com/route.php?route=yale1,,,official_identity_verified,2026-09-30,,,out_and_back,lowest_published_summer_start,,reverse_ascent,false,false,published_summer_route,,,,,Mt. Yale,"[""Mt. Yale""]",official_overview,verified,recorded_profile_with_qa,recorded_source_track,false,true,true,false,2.0.0,3.1.1,2,
co14-022,22,2.0.0,Mt. Bross - West Slopes,Mt. Bross - West Slopes,standard_ranked_requested,Mt. Bross,Mt. Bross,false,dry_summer,https://www.14ers.com/route.php?route=bros2,,,official_identity_verified,2026-09-30,,,out_and_back,lowest_published_summer_start,,reverse_ascent,false,false,published_summer_route,,,,,Mt. Bross,"[""Mt. Bross""]",official_overview,verified,recorded_profile_with_qa,recorded_source_track,false,true,true,false,2.0.0,3.1.1,2,
co14-023,23,2.0.0,Kit Carson Peak - Via Challenger Point,Kit Carson Peak - Via Challenger Point,standard_ranked_requested,Kit Carson Peak,Challenger Point|Kit Carson Peak,false,dry_summer,https://www.14ers.com/route.php?route=kitc2,,,official_identity_verified,2026-09-30,,,multi_peak_return,lowest_published_summer_start,TH,published_dry_descent_return_to_start,false,false,published_summer_route,,,,Former exact-source alias replaced in manifest 1.2.0.,Kit Carson Peak,"[""Challenger Point"", ""Kit Carson Peak""]",official_overview,verified,recorded_profile_with_qa,recorded_source_track,false,true,true,false,2.0.0,3.1.1,3,
co14-024,24,2.0.0,Maroon Peak - South Ridge,Maroon Peak - South Ridge,standard_ranked_requested,Maroon Peak,Maroon Peak,false,dry_summer,https://www.14ers.com/route.php?route=maro1,,,official_identity_verified,2026-09-30,,,out_and_back,lowest_published_summer_start,,reverse_ascent,false,false,published_summer_route,,,,,Maroon Peak,"[""Maroon Peak""]",official_overview,verified,recorded_profile_with_qa,recorded_source_track,false,true,true,false,2.0.0,3.1.1,3,
co14-025,25,2.0.0,Tabeguache Peak - Via Shavano,Tabeguache Peak - Via Mt. Shavano,standard_ranked_requested,Tabeguache Peak,Mt. Shavano|Tabeguache Peak,false,dry_summer,https://www.14ers.com/route.php?route=tabe2,,,official_identity_verified,2026-09-30,,,multi_peak_return,lowest_published_summer_start,,published_dry_descent_return_to_start,false,false,published_summer_route,,,,Former exact-source alias replaced in manifest 1.2.0.,Tabeguache Peak,"[""Mt. Shavano"", ""Tabeguache Peak""]",official_overview,verified,recorded_profile_with_qa,Shavano_ascent_and_Tabeguache_connector_separate_segments,false,true,true,false,2.0.0,3.1.1,2,Both recorded ascent components included; 3.04 m join is not interpolated and return is not fabricated.
co14-026,26,2.0.0,Mt. Oxford - Via Belford,Mt. Oxford - Via Mt. Belford,standard_ranked_requested,Mt. Oxford,Mt. Belford|Mt. Oxford,false,dry_summer,https://www.14ers.com/route.php?route=oxfo2,,,official_identity_verified,2026-09-30,,,multi_peak_return,lowest_published_summer_start,Missouri Gulch,published_dry_descent_return_to_start,false,false,published_summer_route,,,,Former exact-source alias replaced in manifest 1.2.0. Published total variant: via Belford standard route.,Mt. Oxford,"[""Mt. Belford"", ""Mt. Oxford""]",official_overview,verified,recorded_profile_with_qa,recorded_source_track,false,true,true,false,2.0.0,3.1.1,2,
co14-027,27,2.0.0,Mt. Sneffels - South Slopes (Yankee Boy Basin),Mt. Sneffels - South Slopes,standard_ranked_requested,Mt. Sneffels,Mt. Sneffels,false,dry_summer,https://www.14ers.com/route.php?route=snef1,,,official_identity_verified,2026-09-30,,,out_and_back,lowest_published_summer_start,2WD parking,reverse_ascent,false,false,published_summer_route,,,,,Mt. Sneffels,"[""Mt. Sneffels""]",official_overview,verified,recorded_profile_with_qa,recorded_source_track,false,true,true,false,2.0.0,3.1.1,3,
co14-028,28,2.0.0,Mt. Democrat - East Slope,Mt. Democrat - East Slope,standard_ranked_requested,Mt. Democrat,Mt. Democrat,false,dry_summer,https://www.14ers.com/route.php?route=demo1,,,official_identity_verified,2026-09-30,,,out_and_back,lowest_published_summer_start,,reverse_ascent,false,false,published_summer_route,,,,,Mt. Democrat,"[""Mt. Democrat""]",official_overview,verified,recorded_profile_with_qa,recorded_source_track,false,true,true,false,2.0.0,3.1.1,2,
co14-029,29,2.0.0,Capitol Peak - Northeast Ridge (Knife Edge),Capitol Peak - Northeast Ridge,standard_ranked_requested,Capitol Peak,Capitol Peak,false,dry_summer,https://www.14ers.com/route.php?route=capi1,,,official_identity_verified,2026-09-30,,,out_and_back,lowest_published_summer_start,the TH,reverse_ascent,false,false,published_summer_route,,,,,Capitol Peak,"[""Capitol Peak""]",official_overview,verified,recorded_profile_with_qa,recorded_source_track,false,true,true,false,2.0.0,3.1.1,4,
co14-030,30,2.0.0,Pikes Peak - East Slopes (Barr Trail),Pikes Peak - East Slopes,standard_ranked_requested,Pikes Peak,Pikes Peak,false,dry_summer,https://www.14ers.com/route.php?route=pikeeast,,,official_identity_verified,2026-09-30,,,out_and_back,lowest_published_summer_start,,reverse_ascent,false,false,published_summer_route,,,,,Pikes Peak,"[""Pikes Peak""]",official_overview,verified,recorded_profile_with_qa,recorded_source_track,false,true,true,false,2.0.0,3.1.1,1,
co14-031,31,2.0.0,Snowmass Mountain - East Slopes,Snowmass Mountain - East Slopes,standard_ranked_requested,Snowmass Mountain,Snowmass Mountain,false,dry_summer,https://www.14ers.com/route.php?route=snow1,,,official_identity_verified,2026-09-30,,,out_and_back,lowest_published_summer_start,,reverse_ascent,false,false,published_summer_route,,,,,Snowmass Mountain,"[""Snowmass Mountain""]",official_overview,verified,recorded_profile_with_qa,recorded_source_track,false,true,true,false,2.0.0,3.1.1,3,
co14-032,32,2.0.0,Windom Peak - West Ridge,Windom Peak - West Ridge,standard_ranked_requested,Windom Peak,Windom Peak,false,dry_summer,https://www.14ers.com/route.php?route=wind1,,,official_identity_verified,2026-09-30,,,out_and_back,Needleton_include_Chicago_Basin_approach_exclude_train,Needleton TH,reverse_ascent,false,false,published_summer_route,,,co14-032|co14-033|co14-039|co14-058, Shared Needleton/Chicago Basin approach: keep this connected group in one evaluation split. Individual summit itinerary retained; custom combination excluded.,Windom Peak,"[""Windom Peak""]",official_overview,verified,recorded_profile_with_qa,recorded_source_track,false,true,true,false,2.0.0,3.1.1,3,
co14-033,33,2.0.0,Mt. Eolus - Northeast Ridge,Mt. Eolus - Northeast Ridge,standard_ranked_requested,Mt. Eolus,Mt. Eolus,false,dry_summer,https://www.14ers.com/route.php?route=eolu3,,,official_identity_verified,2026-09-30,,,out_and_back,Needleton_include_Chicago_Basin_approach_exclude_train,Needleton TH,reverse_ascent,false,false,published_summer_route,,,co14-032|co14-033|co14-039|co14-058, Shared Needleton/Chicago Basin approach: keep this connected group in one evaluation split. Individual summit itinerary retained; custom combination excluded.,Mt. Eolus,"[""Mt. Eolus""]",official_overview,verified,recorded_profile_with_qa,recorded_source_track,false,true,true,false,2.0.0,3.1.1,3,
co14-034,34,2.0.0,Challenger Point - North Slope,Challenger Point - North Slope,standard_ranked_requested,Challenger Point,Challenger Point,false,dry_summer,https://www.14ers.com/route.php?route=chal1,,,official_identity_verified,2026-09-30,,,out_and_back,lowest_published_summer_start,TH,reverse_ascent,false,false,published_summer_route,,,,,Challenger Point,"[""Challenger Point""]",official_overview,verified,recorded_profile_with_qa,recorded_source_track,false,true,true,false,2.0.0,3.1.1,2,
co14-035,35,2.0.0,Mt. Columbia - West Slopes,Mt. Columbia - West Slopes,standard_ranked_requested,Mt. Columbia,Mt. Columbia,false,dry_summer,https://www.14ers.com/route.php?route=colu2,,,official_identity_verified,2026-09-30,,,out_and_back,lowest_published_summer_start,,reverse_ascent,false,false,published_summer_route,,,,,Mt. Columbia,"[""Mt. Columbia""]",official_overview,verified,recorded_profile_with_qa,recorded_source_track,false,true,true,false,2.0.0,3.1.1,2,
co14-036,36,2.0.0,Missouri Mountain - Northwest Ridge,Missouri Mountain - Northwest Ridge,standard_ranked_requested,Missouri Mountain,Missouri Mountain,false,dry_summer,https://www.14ers.com/route.php?route=miss1,,,official_identity_verified,2026-09-30,,,out_and_back,lowest_published_summer_start,,reverse_ascent,false,false,published_summer_route,,,,,Missouri Mountain,"[""Missouri Mountain""]",official_overview,verified,recorded_profile_with_qa,recorded_source_track,false,true,true,false,2.0.0,3.1.1,2,
co14-037,37,2.0.0,Humboldt Peak - West Ridge,Humboldt Peak - West Ridge,standard_ranked_requested,Humboldt Peak,Humboldt Peak,false,dry_summer,https://www.14ers.com/route.php?route=humb1,,,official_identity_verified,2026-09-30,,,out_and_back,lowest_published_summer_start,SC 2WD TH,reverse_ascent,false,false,published_summer_route,,,,,Humboldt Peak,"[""Humboldt Peak""]",official_overview,verified,recorded_profile_with_qa,recorded_source_track,false,true,true,false,2.0.0,3.1.1,2,
co14-038,38,2.0.0,Mt. Bierstadt - West Slopes,Mt. Bierstadt - West Slopes,standard_ranked_requested,Mt. Bierstadt,Mt. Bierstadt,false,dry_summer,https://www.14ers.com/route.php?route=bier1,,,official_identity_verified,2026-09-30,,,out_and_back,lowest_published_summer_start,,reverse_ascent,false,false,published_summer_route,,,,,Mt. Bierstadt,"[""Mt. Bierstadt""]",official_overview,verified,recorded_profile_with_qa,recorded_source_track,false,true,true,false,2.0.0,3.1.1,2,
co14-039,39,2.0.0,Sunlight Peak - South Face,Sunlight Peak - South Face,standard_ranked_requested,Sunlight Peak,Sunlight Peak,false,dry_summer,https://www.14ers.com/route.php?route=sunl2,,,official_identity_verified,2026-09-30,,,out_and_back,Needleton_include_Chicago_Basin_approach_exclude_train,Needleton TH,reverse_ascent,false,false,published_summer_route,,,co14-032|co14-033|co14-039|co14-058, Shared Needleton/Chicago Basin approach: keep this connected group in one evaluation split. Individual summit itinerary retained; custom combination excluded.,Sunlight Peak,"[""Sunlight Peak""]",official_overview,verified,recorded_profile_with_qa,recorded_source_track,false,true,true,false,2.0.0,3.1.1,4,
co14-040,40,2.0.0,Handies Peak - Southwest Slopes,Handies Peak - Southwest Slopes,standard_ranked_requested,Handies Peak,Handies Peak,false,dry_summer,https://www.14ers.com/route.php?route=hand1,,,official_identity_verified,2026-09-30,,,out_and_back,lowest_published_summer_start,the bottom of the American Basin road,reverse_ascent,false,false,published_summer_route,,,,,Handies Peak,"[""Handies Peak""]",official_overview,verified,recorded_profile_with_qa,recorded_source_track,false,true,true,false,2.0.0,3.1.1,1,
co14-041,41,2.0.0,Culebra Peak - Northwest Ridge,Culebra Peak - Northwest Ridge,standard_ranked_requested,Culebra Peak,Culebra Peak,false,dry_summer,https://www.14ers.com/route.php?route=cule1,,,official_identity_verified,2026-09-30,,,out_and_back,lowest_published_summer_start,ranch HQ building,reverse_ascent,false,false,published_summer_route,,,,,Culebra Peak,"[""Culebra Peak""]",official_overview,verified,recorded_profile_with_qa,recorded_source_track,false,true,true,false,2.0.0,3.1.1,2,
co14-042,42,2.0.0,Mt. Lindsey - Northwest Gully,Mt. Lindsey - Northwest Gully,standard_ranked_requested,Mt. Lindsey,Mt. Lindsey,false,dry_summer,https://www.14ers.com/route.php?route=lind1,,,official_identity_verified,2026-09-30,,,out_and_back,lowest_published_summer_start,,reverse_ascent,false,false,published_summer_route,,,,,Mt. Lindsey,"[""Mt. Lindsey""]",official_overview,verified,recorded_profile_with_qa,recorded_source_track,false,true,true,false,2.0.0,3.1.1,3,
co14-043,43,2.0.0,Ellingwood Point - South Face,Ellingwood Point - South Face,standard_ranked_requested,Ellingwood Point,Ellingwood Point,false,dry_summer,https://www.14ers.com/route.php?route=elli2,,,official_identity_verified,2026-09-30,,,out_and_back,lowest_published_summer_start,"8,000",reverse_ascent,false,false,published_summer_route,,,,,Ellingwood Point,"[""Ellingwood Point""]",official_overview,verified,recorded_profile_with_qa,recorded_source_track,false,true,true,false,2.0.0,3.1.1,2,
co14-044,44,2.0.0,Little Bear Peak - West Ridge and Hourglass,Little Bear Peak - West Ridge and Hourglass,standard_ranked_requested,Little Bear Peak,Little Bear Peak,false,dry_summer,https://www.14ers.com/route.php?route=litt6,,,official_identity_verified,2026-09-30,,,out_and_back,lowest_published_summer_start,"8,000",reverse_ascent,false,false,published_summer_route,,,,,Little Bear Peak,"[""Little Bear Peak""]",official_overview,verified,recorded_profile_with_qa,recorded_source_track,false,true,true,false,2.0.0,3.1.1,4,
co14-045,45,2.0.0,Mt. Sherman - Southwest Ridge,Mt. Sherman - Southwest Ridge,standard_ranked_requested,Mt. Sherman,Mt. Sherman,false,dry_summer,https://www.14ers.com/route.php?route=sher1,,,official_identity_verified,2026-09-30,,,out_and_back,lowest_published_summer_start,"the 12,000-foot gate",reverse_ascent,false,false,published_summer_route,,,,,Mt. Sherman,"[""Mt. Sherman""]",official_overview,verified,recorded_profile_with_qa,recorded_source_track,false,true,true,false,2.0.0,3.1.1,1,
co14-046,46,2.0.0,Redcloud Peak - Northeast Ridge,Redcloud Peak - Northeast Ridge,standard_ranked_requested,Redcloud Peak,Redcloud Peak,false,dry_summer,https://www.14ers.com/route.php?route=redc1,,,official_identity_verified,2026-09-30,,,out_and_back,lowest_published_summer_start,,reverse_ascent,false,false,published_summer_route,,,,,Redcloud Peak,"[""Redcloud Peak""]",official_overview,verified,recorded_profile_with_qa,recorded_source_track,false,true,true,false,2.0.0,3.1.1,2,
co14-047,47,2.0.0,Pyramid Peak - Northeast Ridge,Pyramid Peak - Northeast Ridge,standard_ranked_requested,Pyramid Peak,Pyramid Peak,false,dry_summer,https://www.14ers.com/route.php?route=pyra1,,,official_identity_verified,2026-09-30,,,out_and_back,lowest_published_summer_start,,reverse_ascent,false,false,published_summer_route,,,,,Pyramid Peak,"[""Pyramid Peak""]",official_overview,verified,recorded_profile_with_qa,recorded_source_track,false,true,true,false,2.0.0,3.1.1,4,
co14-048,48,2.0.0,Wilson Peak - Southwest Ridge,Wilson Peak - Southwest Ridge,standard_ranked_requested,Wilson Peak,Wilson Peak,false,dry_summer,https://www.14ers.com/route.php?route=wils1,,,official_identity_verified,2026-09-30,,,out_and_back,lowest_published_summer_start,Navajo Basin TH,reverse_ascent,false,false,published_summer_route,,,,Former exact-source alias replaced in manifest 1.2.0.,Wilson Peak,"[""Wilson Peak""]",official_overview,verified,recorded_profile_with_qa,recorded_source_track,false,true,true,false,2.0.0,3.1.1,3,
co14-049,49,2.0.0,Wetterhorn Peak - Southeast Ridge,Wetterhorn Peak - Southeast Ridge,standard_ranked_requested,Wetterhorn Peak,Wetterhorn Peak,false,dry_summer,https://www.14ers.com/route.php?route=wett1,,,official_identity_verified,2026-09-30,,,out_and_back,lowest_published_summer_start,,reverse_ascent,false,false,published_summer_route,,,,,Wetterhorn Peak,"[""Wetterhorn Peak""]",official_overview,verified,recorded_profile_with_qa,recorded_source_track,false,true,true,false,2.0.0,3.1.1,3,
co14-050,50,2.0.0,San Luis Peak - Northeast Ridge,San Luis Peak - Northeast Ridge,standard_ranked_requested,San Luis Peak,San Luis Peak,false,dry_summer,https://www.14ers.com/route.php?route=sanl1,,,official_identity_verified,2026-09-30,,,out_and_back,lowest_published_summer_start,,reverse_ascent,false,false,published_summer_route,,,,,San Luis Peak,"[""San Luis Peak""]",official_overview,verified,recorded_profile_with_qa,recorded_source_track,false,true,true,false,2.0.0,3.1.1,1,
co14-051,51,2.0.0,Mt. of the Holy Cross - North Ridge,Mt. of the Holy Cross - North Ridge,standard_ranked_requested,Mt. of the Holy Cross,Mt. of the Holy Cross,false,dry_summer,https://www.14ers.com/route.php?route=holy1,,,official_identity_verified,2026-09-30,,,out_and_back,lowest_published_summer_start,,reverse_ascent,false,false,published_summer_route,,,,,Mt. of the Holy Cross,"[""Mt. of the Holy Cross""]",official_overview,verified,recorded_profile_with_qa,recorded_source_track,false,true,true,false,2.0.0,3.1.1,2,
co14-052,52,2.0.0,Huron Peak - Northwest Slopes,Huron Peak - Northwest Slopes,standard_ranked_requested,Huron Peak,Huron Peak,false,dry_summer,https://www.14ers.com/route.php?route=huro1,,,official_identity_verified,2026-09-30,,,out_and_back,lowest_published_summer_start,2WD TH,reverse_ascent,false,false,published_summer_route,,,,,Huron Peak,"[""Huron Peak""]",official_overview,verified,recorded_profile_with_qa,recorded_source_track,false,true,true,false,2.0.0,3.1.1,2,
co14-053,53,2.0.0,Sunshine Peak - Via Redcloud,Sunshine Peak - Via Redcloud Peak,standard_ranked_requested,Sunshine Peak,Redcloud Peak|Sunshine Peak,false,dry_summer,https://www.14ers.com/route.php?route=suns2,,,official_identity_verified,2026-09-30,,,multi_peak_return,lowest_published_summer_start,,published_dry_descent_return_to_start,false,false,published_summer_route,,,,Former exact-source alias replaced in manifest 1.2.0.,Sunshine Peak,"[""Redcloud Peak"", ""Sunshine Peak""]",official_overview,verified,recorded_profile_with_qa,recorded_source_track,false,true,true,false,2.0.0,3.1.1,2,
co14-055,55,2.0.0,North Maroon Peak - Northeast Ridge,North Maroon Peak - Northeast Ridge,standard_named_requested,North Maroon Peak,North Maroon Peak,false,dry_summer,https://www.14ers.com/route.php?route=nmar2,,,official_identity_verified,2026-09-30,,,out_and_back,lowest_published_summer_start,,reverse_ascent,false,false,published_summer_route,,,,,North Maroon Peak,"[""North Maroon Peak""]",official_overview,verified,recorded_profile_with_qa,recorded_source_track,false,true,true,false,2.0.0,3.1.1,4,
co14-056,56,2.0.0,El Diente Peak - South Slopes,El Diente Peak - South Slopes,standard_named_requested,El Diente Peak,El Diente Peak,false,dry_summer,https://www.14ers.com/route.php?route=eldi4,,,official_identity_verified,2026-09-30,,,out_and_back,lowest_published_summer_start,,reverse_ascent,false,false,published_summer_route,,,,,El Diente Peak,"[""El Diente Peak""]",official_overview,verified,recorded_profile_with_qa,recorded_source_track,false,true,true,false,2.0.0,3.1.1,3,
co14-057,57,2.0.0,Conundrum Peak - South Ridge,Conundrum Peak - South Ridge,standard_named_requested,Conundrum Peak,Conundrum Peak,false,dry_summer,https://www.14ers.com/route.php?route=conu1,,,official_identity_verified,2026-09-30,,,out_and_back,lowest_published_summer_start,the main trailhead,reverse_ascent,false,false,published_summer_route,,,co14-057|co14-088,Related itineraries retained per user; keep the whole connected group in one evaluation split.,Conundrum Peak,"[""Conundrum Peak""]",official_overview,verified,recorded_profile_with_qa,recorded_source_track,false,true,true,false,2.0.0,3.1.1,2,
co14-058,58,2.0.0,North Eolus - South Ridge,North Eolus - South Ridge,standard_named_requested,North Eolus,North Eolus,false,dry_summer,https://www.14ers.com/route.php?route=neol4,,,official_identity_verified,2026-09-30,,,out_and_back,Needleton_include_Chicago_Basin_approach_exclude_train,Needleton TH,reverse_ascent,false,false,published_summer_route,,,co14-032|co14-033|co14-039|co14-058, Shared Needleton/Chicago Basin approach: keep this connected group in one evaluation split. Individual summit itinerary retained; custom combination excluded.,North Eolus,"[""North Eolus""]",official_overview,verified,recorded_profile_with_qa,recorded_source_track,false,true,true,false,2.0.0,3.1.1,3,
co14-059,59,2.0.0,Mt. Elbert - East Ridge,Mt. Elbert - East Ridge,alternate_requested,Mt. Elbert,Mt. Elbert,false,dry_summer,https://www.14ers.com/route.php?route=elbe2,,,official_identity_verified,2026-09-30,,,out_and_back,lowest_published_summer_start,2WD paved TH,reverse_ascent,false,false,published_summer_route,,,,,Mt. Elbert,"[""Mt. Elbert""]",official_overview,verified,recorded_profile_with_qa,recorded_source_track,false,true,true,false,2.0.0,3.1.1,1,
co14-060,60,2.0.0,Mt. Elbert - Black Cloud Trail,Mt. Elbert - Southeast Ridge,alternate_requested,Mt. Elbert,Mt. Elbert,false,dry_summer,https://www.14ers.com/route.php?route=elbe3,,,official_identity_verified,2026-09-30,,,out_and_back,lowest_published_summer_start,,reverse_ascent,false,false,published_summer_route,,,,Black Cloud Trail maps to the official Southeast Ridge; original requested name preserved.,Mt. Elbert,"[""Mt. Elbert""]",official_overview,verified,recorded_profile_with_qa,recorded_source_track,false,true,true,false,2.0.0,3.1.1,2,
co14-061,61,2.0.0,Quandary Peak - West Ridge,Quandary Peak - West Ridge,alternate_requested,Quandary Peak,Quandary Peak,false,dry_summer,https://www.14ers.com/route.php?route=quan3,,,official_identity_verified,2026-09-30,,,out_and_back,lowest_published_summer_start,Blue Lakes,West Ridge to Blue Lakes; no Cristo Couloir,false,false,published_summer_route,,,,Dry baseline descends the West Ridge ascent route; exclude Cristo Couloir snow descent. Published total variant: if you descend the ascent route.,Quandary Peak,"[""Quandary Peak""]",official_overview,verified,recorded_profile_with_qa,recorded_source_track,false,true,true,false,2.0.0,3.1.1,3,
co14-062,62,2.0.0,Torreys Peak - Kelso Ridge,Torreys Peak - Kelso Ridge,alternate_requested,Torreys Peak,Torreys Peak,false,dry_summer,https://www.14ers.com/route.php?route=torr4,,,official_identity_verified,2026-09-30,,,out_and_back,lowest_published_summer_start,,reverse_ascent,false,false,published_summer_route,,,,,Torreys Peak,"[""Torreys Peak""]",official_overview,verified,recorded_profile_with_qa,recorded_source_track,false,true,true,false,2.0.0,3.1.1,3,
co14-063,63,2.0.0,Mt. Bierstadt to Blue Sky - The Sawtooth Traverse,Bierstadt+Sawtooth+Blue Sky,alternate_requested,Mt. Blue Sky,Mt. Bierstadt|Mt. Blue Sky,false,dry_summer,https://www.14ers.com/route.php?route=bier4,,,official_identity_verified,2026-09-30,,,multi_peak_return,lowest_published_summer_start,,published_dry_descent_return_to_start,false,false,published_summer_route,,,,"Full Bierstadt/Sawtooth/Blue Sky itinerary from Guanella Pass, not just the summit-to-summit connector.",Mt. Blue Sky,"[""Mt. Bierstadt"", ""Mt. Blue Sky""]",official_overview,verified,recorded_profile_with_qa,recorded_source_track,false,true,true,false,2.0.0,3.1.1,3,
co14-064,64,2.0.0,Mt. Massive - Southwest Slopes,Mt. Massive - Southwest Slopes,alternate_requested,Mt. Massive,Mt. Massive,false,dry_summer,https://www.14ers.com/route.php?route=mass2,,,official_identity_verified,2026-09-30,,,out_and_back,lowest_published_summer_start,,reverse_ascent,false,false,published_summer_route,,,,,Mt. Massive,"[""Mt. Massive""]",official_overview,verified,recorded_profile_with_qa,recorded_source_track,false,true,true,false,2.0.0,3.1.1,2,
co14-065,65,2.0.0,Grays & Torreys - Combination Route,Grays and Torreys,alternate_requested,Torreys Peak,Grays Peak|Torreys Peak,false,dry_summer,https://www.14ers.com/route.php?route=torr5,,,official_identity_verified,2026-09-30,,,multi_peak_return,lowest_published_summer_start,,published_dry_descent_return_to_start,false,false,published_summer_route,,,,,Torreys Peak,"[""Grays Peak"", ""Torreys Peak""]",official_overview,verified,recorded_profile_with_qa,recorded_source_track,false,true,true,false,2.0.0,3.1.1,1,
co14-066,66,2.0.0,"The Decalibron Loop (Democrat, Cameron, Lincoln, Bross)",Decalibron,alternate_requested,Mt. Bross,Mt. Democrat|Mt. Cameron|Mt. Lincoln|Mt. Bross,false,dry_summer,https://www.14ers.com/route.php?route=bros6,,,official_identity_verified,2026-09-30,,,multi_peak_return,lowest_published_summer_start,,published_dry_descent_return_to_start,false,false,published_summer_route,,,,"Keep all four summit targets; Bross summit access must be recorded, not inferred from the route name.",Mt. Bross,"[""Mt. Democrat"", ""Mt. Cameron"", ""Mt. Lincoln"", ""Mt. Bross""]",official_overview,verified,recorded_profile_with_qa,recorded_source_track,false,true,true,false,2.0.0,3.1.1,2,
co14-067,67,2.0.0,Longs Peak - The Loft,Longs Peak - Loft Route,alternate_requested,Longs Peak,Longs Peak,false,dry_summer,https://www.14ers.com/route.php?route=long2,,,official_identity_verified,2026-09-30,,,loop,lowest_published_summer_start,Longs Peak Trailhead,Keyhole Route to Longs Peak Trailhead,false,false,published_summer_route,,,,Former exact-source alias replaced in manifest 1.2.0.,Longs Peak,"[""Longs Peak""]",official_overview,verified,recorded_profile_with_qa,recorded_source_track,false,true,true,false,2.0.0,3.1.1,3,
co14-068,68,2.0.0,Longs Peak - Clark's Arrow,Mt. Bierstadt - East Ridge,alternate_requested,Mt. Bierstadt,Mt. Bierstadt,true,dry_summer,https://www.14ers.com/route.php?route=bier3,https://www.14ers.com/php14ers/tripreport.php?trip=23510,,official_identity_verified,2026-09-30,,,out_and_back,published_overview_start,Blue Sky Summit,reverse_ascent,false,false,published_summer_route,,,,"Replaces Longs Peak - Loft Route under user instruction to exclude snow-dependent routes/custom Chicago Basin combo and reach 100 distinct routes. Trip report supports route activity, not a measured popularity rank or exact GPX coverage.",Mt. Bierstadt,"[""Mt. Bierstadt""]",official_overview,verified,recorded_profile_with_qa,recorded_source_track,false,true,true,false,2.0.0,3.1.1,3,
co14-070,70,2.0.0,Mt. Sneffels - Southwest Ridge,Mt. Sneffels - Southwest Ridge,alternate_requested,Mt. Sneffels,Mt. Sneffels,false,dry_summer,https://www.14ers.com/route.php?route=snef2,,,official_identity_verified,2026-09-30,,,out_and_back,lowest_published_summer_start,2WD parking,reverse_ascent,false,false,published_summer_route,,,,,Mt. Sneffels,"[""Mt. Sneffels""]",official_overview,verified,recorded_profile_with_qa,recorded_source_track,false,true,true,false,2.0.0,3.1.1,3,
co14-071,71,2.0.0,Mt. Yale - East Ridge,Mt. Yale - East Ridge,alternate_requested,Mt. Yale,Mt. Yale,false,dry_summer,https://www.14ers.com/route.php?route=yale2,,,official_identity_verified,2026-09-30,,,out_and_back,lowest_published_summer_start,,reverse_ascent,false,false,published_summer_route,,,,,Mt. Yale,"[""Mt. Yale""]",official_overview,verified,recorded_profile_with_qa,recorded_source_track,false,true,true,false,2.0.0,3.1.1,2,
co14-072,72,2.0.0,La Plata Peak - Southwest Ridge,La Plata Peak - Southwest Ridge,alternate_requested,La Plata Peak,La Plata Peak,false,dry_summer,https://www.14ers.com/route.php?route=lapl2,,,official_identity_verified,2026-09-30,,,out_and_back,lowest_published_summer_start,,reverse_ascent,false,false,published_summer_route,,,,,La Plata Peak,"[""La Plata Peak""]",official_overview,verified,recorded_profile_with_qa,recorded_source_track,false,true,true,false,2.0.0,3.1.1,2,
co14-073,73,2.0.0,Pikes Peak - Northwest Slopes (The Crags),Pikes Peak - Northwest Slopes,alternate_requested,Pikes Peak,Pikes Peak,false,dry_summer,https://www.14ers.com/route.php?route=pike1,,,official_identity_verified,2026-09-30,,,out_and_back,lowest_published_summer_start,,reverse_ascent,false,false,published_summer_route,,,,,Pikes Peak,"[""Pikes Peak""]",official_overview,verified,recorded_profile_with_qa,recorded_source_track,false,true,true,false,2.0.0,3.1.1,2,
co14-074,74,2.0.0,Mt. of the Holy Cross - Halo Ridge,Mt. of the Holy Cross - Halo Ridge,alternate_requested,Mt. of the Holy Cross,Mt. of the Holy Cross,false,dry_summer,https://www.14ers.com/route.php?route=holy3,,,official_identity_verified,2026-09-30,,,out_and_back,lowest_published_summer_start,,reverse_ascent,false,false,published_summer_route,,,,,Mt. of the Holy Cross,"[""Mt. of the Holy Cross""]",official_overview,verified,recorded_profile_with_qa,recorded_source_track,false,true,true,false,2.0.0,3.1.1,2,
co14-075,75,2.0.0,Handies Peak - East Slopes (Grizzly Gulch),Handies Peak - East Slopes,alternate_requested,Handies Peak,Handies Peak,false,dry_summer,https://www.14ers.com/route.php?route=hand2,,,official_identity_verified,2026-09-30,,,out_and_back,lowest_published_summer_start,,reverse_ascent,false,false,published_summer_route,,,,,Handies Peak,"[""Handies Peak""]",official_overview,verified,recorded_profile_with_qa,recorded_source_track,false,true,true,false,2.0.0,3.1.1,2,
co14-076,76,2.0.0,Mt. Shavano & Tabeguache - Combination,Tabeguache Peak - West Ridge,alternate_requested,Tabeguache Peak,Tabeguache Peak,true,dry_summer,https://www.14ers.com/route.php?route=tabe3w,https://www.14ers.com/php14ers/tripreport.php?trip=10380,,official_identity_verified,2026-09-30,,,out_and_back,lowest_published_summer_start,Jennings Creek,reverse_ascent,false,false,published_summer_route,,,,"Replaces Tabeguache Peak - Via Mt. Shavano under user instruction to exclude snow-dependent routes/custom Chicago Basin combo and reach 100 distinct routes. Trip report supports route activity, not a measured popularity rank or exact GPX coverage.",Tabeguache Peak,"[""Tabeguache Peak""]",official_overview,verified,recorded_profile_with_qa,recorded_source_track,false,true,true,false,2.0.0,3.1.1,2,
co14-077,77,2.0.0,Mt. Belford & Oxford - Combination,La Plata Peak - Ellingwood Ridge,alternate_requested,La Plata Peak,La Plata Peak,true,dry_summer,https://www.14ers.com/route.php?route=lapl3,https://www.14ers.com/php14ers/tripreport.php?trip=23669,https://www.14ers.com/route.php?route=lapl1,official_identity_verified,2026-09-30,,,loop,lowest_published_summer_start,La Plata Peak,Northwest_Ridge_return_to_La_Plata_Peak_trailhead,false,false,published_summer_route,,,,"Replaces Mt. Oxford - Via Mt. Belford under user instruction to exclude snow-dependent routes/custom Chicago Basin combo and reach 100 distinct routes. Trip report supports route activity, not a measured popularity rank or exact GPX coverage.",La Plata Peak,"[""La Plata Peak""]",official_overview,verified,recorded_profile_with_qa,recorded_source_track,false,true,true,false,2.0.0,3.1.1,3,
co14-078,78,2.0.0,Redcloud & Sunshine - Combination,Grays Peak - South Ridge,alternate_requested,Grays Peak,Grays Peak,true,dry_summer,https://www.14ers.com/route.php?route=gray3,https://www.14ers.com/php14ers/tripreport.php?trip=20351,,official_identity_verified,2026-09-30,,,out_and_back,lowest_published_summer_start,Argentine Pass,reverse_ascent,false,false,published_summer_route,,,,"Replaces Sunshine Peak - Via Redcloud Peak under user instruction to exclude snow-dependent routes/custom Chicago Basin combo and reach 100 distinct routes. Trip report supports route activity, not a measured popularity rank or exact GPX coverage.",Grays Peak,"[""Grays Peak""]",official_overview,verified,recorded_profile_with_qa,recorded_source_track,false,true,true,false,2.0.0,3.1.1,2,
co14-079,79,2.0.0,Crestone Traverse (Peak to Needle),Crestones Traverse,alternate_requested,Crestone Needle,Crestone Peak|Crestone Needle,false,dry_summer,https://www.14ers.com/route.php?route=cnee3,,,official_identity_verified,2026-09-30,,,traverse_return,lowest_published_summer_start,SC 2WD TH,second_peak_standard_dry_descent_return_to_start,false,false,published_summer_route,,,,Peak-to-Needle direction. Published connector is not automatically a complete trailhead-to-trailhead GPX.,Crestone Needle,"[""Crestone Peak"", ""Crestone Needle""]",official_overview,verified,recorded_profile_with_qa,recorded_source_track,false,true,true,false,2.0.0,3.1.1,5,
co14-080,80,2.0.0,Little Bear to Blanca Traverse,Little Bear + Blanca Traverse,alternate_requested,Blanca Peak,Little Bear Peak|Blanca Peak,false,dry_summer,https://www.14ers.com/route.php?route=litt3,,,official_identity_verified,2026-09-30,,,traverse_return,lowest_published_summer_start,"8,000",second_peak_standard_dry_descent_return_to_start,false,false,published_summer_route,,,,Little Bear-to-Blanca direction; include approach and standard Blanca descent.,Blanca Peak,"[""Little Bear Peak"", ""Blanca Peak""]",official_overview,verified,recorded_profile_with_qa,recorded_source_track,false,true,true,false,2.0.0,3.1.1,5,
co14-081,81,2.0.0,El Diente to Mt. Wilson Traverse,Mt. Wilson + El Diente Traverse,alternate_requested,Mt. Wilson,El Diente Peak|Mt. Wilson,false,dry_summer,https://www.14ers.com/route.php?route=mwil5,,,official_identity_verified,2026-09-30,,,traverse_return,lowest_published_summer_start,,second_peak_standard_dry_descent_return_to_start,false,false,published_summer_route,,,,El Diente-to-Wilson direction; published connector needs approach and descent coverage checks.,Mt. Wilson,"[""El Diente Peak"", ""Mt. Wilson""]",official_overview,verified,recorded_profile_with_qa,recorded_source_track,false,true,true,false,2.0.0,3.1.1,4,
co14-082,82,2.0.0,Maroon Bells Traverse (Maroon to North Maroon),Bells Traverse,alternate_requested,North Maroon Peak,Maroon Peak|North Maroon Peak,false,dry_summer,https://www.14ers.com/route.php?route=nmar4,,,official_identity_verified,2026-09-30,,,traverse_return,lowest_published_summer_start,,second_peak_standard_dry_descent_return_to_start,false,false,published_summer_route,,,,Maroon-to-North Maroon direction; preserve raw Class 5 if source assigns it.,North Maroon Peak,"[""Maroon Peak"", ""North Maroon Peak""]",official_overview,verified,recorded_profile_with_qa,recorded_source_track,false,true,true,false,2.0.0,3.1.1,5,
co14-083,83,2.0.0,Blanca & Ellingwood - Combination,Blanca and Ellingwood,alternate_requested,Ellingwood Point,Blanca Peak|Ellingwood Point,false,dry_summer,https://www.14ers.com/route.php?route=elli3,,,official_identity_verified,2026-09-30,,,multi_peak_return,lowest_published_summer_start,"8,000",published_dry_descent_return_to_start,false,false,published_summer_route,,,,,Ellingwood Point,"[""Blanca Peak"", ""Ellingwood Point""]",official_overview,verified,recorded_profile_with_qa,recorded_source_track,false,true,true,false,2.0.0,3.1.1,3,
co14-084,84,2.0.0,Wilson Peak - Rock of Ages Saddle,Mt. Blue Sky - West Ridge from Guanella Pass,alternate_requested,Mt. Blue Sky,Mt. Blue Sky,true,dry_summer,https://www.14ers.com/route.php?route=evan3,https://www.14ers.com/php14ers/tripreport.php?trip=5221,,official_identity_verified,2026-09-30,,,out_and_back,lowest_published_summer_start,Guanella Pass,reverse_ascent,false,false,published_summer_route,,,,"Replaces Wilson Peak - Southwest Ridge under user instruction to exclude snow-dependent routes/custom Chicago Basin combo and reach 100 distinct routes. Trip report supports route activity, not a measured popularity rank or exact GPX coverage.",Mt. Blue Sky,"[""Mt. Blue Sky""]",official_overview,verified,recorded_profile_with_qa,recorded_source_track,false,true,true,false,2.0.0,3.1.1,2,
co14-085,85,2.0.0,Mt. Sherman - East Ridge,Mt. Sherman - West Slopes,alternate_requested,Mt. Sherman,Mt. Sherman,true,dry_summer,https://www.14ers.com/route.php?route=sher2,,,official_identity_verified,2026-09-30,,,out_and_back,published_summer_trailhead,Iowa Gulch,reverse_ascent,false,false,published_summer_route,,,,"User-authorized replacement of Sherman East Ridge: West Slopes via Iowa Gulch, official dry-season route.",Mt. Sherman,"[""Mt. Sherman""]",official_overview,verified,recorded_profile_with_qa,recorded_source_track,false,true,true,false,2.0.0,3.1.1,1,
co14-086,86,2.0.0,Huron Peak - Lulu Gulch,Huron Peak - North Ridge from Lulu Gulch,alternate_requested,Huron Peak,Huron Peak,false,dry_summer,https://www.14ers.com/route.php?route=huro4,,,official_identity_verified,2026-09-30,,,out_and_back,lowest_published_summer_start,,reverse_ascent,false,false,published_summer_route,,,,,Huron Peak,"[""Huron Peak""]",official_overview,verified,recorded_profile_with_qa,recorded_source_track,false,true,true,false,2.0.0,3.1.1,2,
co14-087,87,2.0.0,Missouri Mountain - North Face,Missouri Mountain - West Ridge,alternate_requested,Missouri Mountain,Missouri Mountain,true,dry_summer,https://www.14ers.com/route.php?route=miss2,,,official_identity_verified,2026-09-30,,,out_and_back,lower_Rockdale_2WD_include_road_walk,Rockdale 2WD,reverse_ascent,false,false,published_summer_route,,,,"User-authorized replacement of Missouri North Face: West Ridge via Clohesy Lake. Baseline starts at lower Rockdale 2WD trailhead, not the upper 4WD gate.",Missouri Mountain,"[""Missouri Mountain""]",official_overview,verified,recorded_profile_with_qa,recorded_source_track,false,true,true,false,2.0.0,3.1.1,2,
co14-088,88,2.0.0,Castle & Conundrum - Combination,Castle and Conundrum,alternate_requested,Conundrum Peak,Castle Peak|Conundrum Peak,false,dry_summer,https://www.14ers.com/route.php?route=cast4,,,official_identity_verified,2026-09-30,,,multi_peak_return,lowest_published_summer_start,the main trailhead,published_dry_descent_return_to_start,false,false,published_summer_route,,,co14-057|co14-088,Related itineraries retained per user; keep the whole connected group in one evaluation split.,Conundrum Peak,"[""Castle Peak"", ""Conundrum Peak""]",official_overview,verified,recorded_profile_with_qa,recorded_source_track,false,true,true,false,2.0.0,3.1.1,2,
co14-089,89,2.0.0,"Chicago Basin 3-Combo (Eolus, Windom, Sunlight)",Grays Peak - Southwest Ridge,alternate_requested,Grays Peak,Grays Peak,true,dry_summer,https://www.14ers.com/route.php?route=gray8,https://www.14ers.com/php14ers/tripreport.php?trip=14394,,official_identity_verified,2026-09-30,,,out_and_back,lowest_published_summer_start,Chihuahua Gulch,reverse_ascent,false,false,published_summer_route,,,,"Replaces Chicago Basin 3-Combo (Eolus, Windom, Sunlight) under user instruction to exclude snow-dependent routes/custom Chicago Basin combo and reach 100 distinct routes. Trip report supports route activity, not a measured popularity rank or exact GPX coverage.",Grays Peak,"[""Grays Peak""]",official_overview,verified,recorded_profile_with_qa,recorded_source_track,false,true,true,false,2.0.0,3.1.1,2,
co14-090,90,2.0.0,Mt. Princeton - Southwest Ridge,Torreys Peak - West Ridge,alternate_requested,Torreys Peak,Grizzly Peak D|Torreys Peak,true,dry_summer,https://www.14ers.com/route.php?route=torr11,https://www.14ers.com/php14ers/tripreport.php?trip=3289,,official_identity_verified,2026-09-30,,,out_and_back,lowest_published_summer_start,Loveland Pass,reverse_ascent,false,false,published_summer_route,,,,"Replaces Mt. Princeton - Southwest Ridge under user instruction to exclude snow-dependent routes/custom Chicago Basin combo and reach 100 distinct routes. Trip report supports route activity, not a measured popularity rank or exact GPX coverage.",Torreys Peak,"[""Grizzly Peak D"", ""Torreys Peak""]",official_overview,verified,recorded_profile_with_qa,recorded_source_track,false,true,true,false,2.0.0,3.1.1,2,
co14-091,91,2.0.0,Mt. Columbia - Southeast Ridge,Mt. Columbia - Southeast Ridge,alternate_requested,Mt. Columbia,Mt. Columbia,false,dry_summer,https://www.14ers.com/route.php?route=colu5,,,official_identity_verified,2026-09-30,,,out_and_back,lowest_published_summer_start,,reverse_ascent,false,false,published_summer_route,,,,,Mt. Columbia,"[""Mt. Columbia""]",official_overview,verified,recorded_profile_with_qa,recorded_source_track,false,true,true,false,2.0.0,3.1.1,2,
co14-092,92,2.0.0,Mt. Harvard & Columbia - Traverse,Harvard and Columbia Traverse,alternate_requested,Mt. Columbia,Mt. Harvard|Mt. Columbia,false,dry_summer,https://www.14ers.com/route.php?route=harv4,,,official_identity_verified,2026-09-30,,,traverse_return,lowest_published_summer_start,TH,second_peak_standard_dry_descent_return_to_start,false,false,published_summer_route,,,,,Mt. Columbia,"[""Mt. Harvard"", ""Mt. Columbia""]",official_overview,verified,recorded_profile_with_qa,recorded_source_track,false,true,true,false,2.0.0,3.1.1,2,
co14-093,93,2.0.0,Challenger & Kit Carson - Combination,Kit Carson Peak - East Ridge,alternate_requested,Kit Carson Peak,Kit Carson Peak,true,dry_summer,https://www.14ers.com/route.php?route=kitc3,https://www.14ers.com/php14ers/tripreport.php?trip=9208,,official_identity_verified,2026-09-30,,,out_and_back,lowest_published_summer_start,2WD SC TH,reverse_ascent,false,false,published_summer_route,,,,"Replaces Kit Carson Peak - Via Challenger Point under user instruction to exclude snow-dependent routes/custom Chicago Basin combo and reach 100 distinct routes. Trip report supports route activity, not a measured popularity rank or exact GPX coverage.",Kit Carson Peak,"[""Kit Carson Peak""]",official_overview,verified,recorded_profile_with_qa,recorded_source_track,false,true,true,false,2.0.0,3.1.1,3,
co14-094,94,2.0.0,Wetterhorn Peak - East Ridge,Mt. Belford - Southwest Slopes,alternate_requested,Mt. Belford,Mt. Belford,true,dry_summer,https://www.14ers.com/route.php?route=belf9,,,official_identity_verified,2026-09-30,,,out_and_back,published_summer_trailhead,Missouri Gulch,reverse_ascent,false,false,published_summer_route,,,,"User authorized replacing #94 after exact Wetterhorn East Ridge GPX was not located; selected official summer Southwest Slopes via Elkhead Pass, reverse ascent, source belf9. Original requested name retained.",Mt. Belford,"[""Mt. Belford""]",official_overview,verified,recorded_profile_with_qa,recorded_source_track,false,true,true,false,2.0.0,3.1.1,2,
co14-095,95,2.0.0,Uncompahgre Peak - East Ridge,Kit Carson Peak - North Ridge,alternate_requested,Challenger Point,Kit Carson Peak|Challenger Point,true,dry_summer,https://www.14ers.com/route.php?route=kitc4,,,official_identity_verified,2026-09-30,,,loop,lowest_published_summer_start,Willow Creek,Via Challenger Point to Willow Creek,false,false,published_summer_route,,,,"User-authorized replacement of Uncompahgre East Ridge: Kit Carson North Ridge, official Class 4 route; descent via Challenger to Willow Creek.",Challenger Point,"[""Kit Carson Peak"", ""Challenger Point""]",official_overview,verified,recorded_profile_with_qa,recorded_source_track,false,true,true,false,2.0.0,3.1.1,4,
co14-096,96,2.0.0,Snowmass Mountain - West Slopes,Snowmass Mountain - West Slope,alternate_requested,Snowmass Mountain,Snowmass Mountain,false,dry_summer,https://www.14ers.com/route.php?route=snow2,,,official_identity_verified,2026-09-30,,,out_and_back,lowest_published_summer_start,,reverse_ascent,false,false,published_summer_route,,,,,Snowmass Mountain,"[""Snowmass Mountain""]",official_overview,verified,recorded_profile_with_qa,recorded_source_track,false,true,true,false,2.0.0,3.1.1,3,
co14-097,97,2.0.0,Mt. Massive - Tour de Abyss,Mt. Bierstadt & Mt. Blue Sky - Tour de Abyss Loop,alternate_requested,Mt. Blue Sky,Mt. Bierstadt|Mt. Blue Sky,false,dry_summer,https://www.14ers.com/route.php?route=bier5,,,official_identity_verified,2026-09-30,,,loop,Blue_Sky_Summit_parking_include_return_walk,Blue Sky Summit parking,Return on foot to Blue Sky Summit parking,false,false,published_summer_route,,,,"Retain Tour de Abyss; correct peak identity to Bierstadt and Blue Sky. Baseline full loop from Blue Sky Summit parking, including return walking segment.",Mt. Blue Sky,"[""Mt. Bierstadt"", ""Mt. Blue Sky""]",official_overview,verified,recorded_profile_with_qa,recorded_source_track,false,true,true,false,2.0.0,3.1.1,3,
co14-098,98,2.0.0,Mt. Blue Sky - East Ridge (from Echo Lake),Mt. Blue Sky - West Ridge from Echo Lake,alternate_requested,Mt. Blue Sky,Mt. Blue Sky,false,dry_summer,https://www.14ers.com/route.php?route=evan1,,,official_identity_verified,2026-09-30,,,out_and_back,lowest_published_summer_start,Echo Lake,reverse_ascent,false,false,published_summer_route,,,,Echo Lake itinerary uses published West Ridge from Echo Lake. Correct directional label; preserve original request.,Mt. Blue Sky,"[""Mt. Blue Sky""]",official_overview,verified,recorded_profile_with_qa,recorded_source_track,false,true,true,false,2.0.0,3.1.1,2,
co14-099,99,2.0.0,San Luis Peak - South Ridge,San Luis Peak - South Ridge,alternate_requested,San Luis Peak,San Luis Peak,false,dry_summer,https://www.14ers.com/route.php?route=sanl2,,,official_identity_verified,2026-09-30,,,out_and_back,lowest_published_summer_start,,reverse_ascent,false,false,published_summer_route,,,,,San Luis Peak,"[""San Luis Peak""]",official_overview,verified,recorded_profile_with_qa,recorded_source_track,false,true,true,false,2.0.0,3.1.1,1,
co14-100,100,2.0.0,Mt. Antero - Little Browns Creek,Mt. Antero - Via Little Browns Creek,alternate_requested,Mt. Antero,Mt. Antero,false,dry_summer,https://www.14ers.com/route.php?route=ante2,,,official_identity_verified,2026-09-30,,,out_and_back,lowest_published_summer_start,,reverse_ascent,false,false,published_summer_route,,,,,Mt. Antero,"[""Mt. Antero""]",official_overview,verified,recorded_profile_with_qa,recorded_source_track,false,true,true,false,2.0.0,3.1.1,2,
co14-101,101,2.0.0,,Huron Peak - Southwest Slopes,,Huron Peak,Huron Peak,,,https://www.14ers.com/route.php?route=huro2,,,,,,,,,,,,,,,,,,Huron Peak,"[""Huron Peak""]",official_overview,verified,recorded_profile_with_qa,recorded_source_track,false,true,true,false,2.0.0,3.1.1,2,Round trip from 2WD Winfield; GPX starts at upper Lake Ann trailhead.
co14-102,102,2.0.0,,Little Bear Peak - West Ridge Indirect,,Little Bear Peak,Little Bear Peak,,,https://www.14ers.com/route.php?route=litt8,,,,,,,,,,,,,,,,,,Little Bear Peak,"[""Little Bear Peak""]",official_overview,verified,recorded_profile_with_qa,recorded_source_track,false,true,true,false,2.0.0,3.1.1,4,Round trip from 8000-ft Lake Como road start; GPX is upper route component.
co14-103,103,2.0.0,,Little Bear Peak - Southwest Ridge,,Little Bear Peak,South Little Bear|Little Bear Peak,,,https://www.14ers.com/php14ers/tripreport.php?trip=8565,,,,,,,,,,,,,,,,,,Little Bear Peak,"[""South Little Bear"", ""Little Bear Peak""]",trip_report,verified,curated_profile_rank_ready_plot_pending,recorded_ascent_only,false,false,true,false,2.0.0,3.1.1,4,"Analyst ordinal estimates: narrow highly exposed knife edges, loose talus, forest bushwhacking/ledge choices, long remote ridge with difficult retreat. Grade 4 was already sourced. Profile uses only the recorded SW ascent, excluding the Hourglass descent, from a snowy June recording; it is a seasonal geometry proxy, not an observed dry-summer itinerary."
co14-104,104,2.0.0,,Longs Peak - Cables ascent / Keyhole descent,,Longs Peak,Longs Peak,,,https://www.14ers.com/php14ers/tripreport.php?trip=20661,,,,,,,,,,,,,,,,,,Longs Peak,"[""Longs Peak""]",trip_report,verified,curated_profile_rank_ready_plot_pending,recorded_source_track,false,false,true,false,2.0.0,3.1.1,5,"Analyst ordinal estimates for documented Cables/Keyhole loop: technical 5.4 pitch and exposed Keyhole sections, loose crowded Trough, nontrivial unmarked upper face, long technical alpine Grade III commitment. These are not official 14ers.com risk labels. Existing acquired August loop profile is retained without recomputation."
co14-105,105,2.0.0,,"Belford, Oxford and Missouri",,Missouri Mountain,Mt. Belford|Mt. Oxford|Missouri Mountain,,,https://www.14ers.com/route.php?route=miss4,,,,,,,,,,,,,,,,,,Missouri Mountain,"[""Mt. Belford"", ""Mt. Oxford"", ""Missouri Mountain""]",official_overview,verified,recorded_profile_with_qa,recorded_source_track,false,true,true,false,2.0.0,3.1.1,2,Complete official three-peak combination from Missouri Gulch.
co14-106,106,2.0.0,,Mt. Columbia - East Ridge via Three Elk Creek,,Mt. Columbia,Mt. Columbia,,,https://www.14ers.com/php14ers/tripreport.php?trip=22127,,,,,,,,,,,,,,,,,,Mt. Columbia,"[""Mt. Columbia""]",trip_report,verified,curated_profile_rank_ready_plot_pending,recorded_ascent_only,false,false,true,false,2.0.0,3.1.1,2,"Class 2 and ordinal risks are analyst estimates from grassy ridge, mostly stable talus, steep access slopes, creek crossings, disappearing trail and bushwhacking described in the summer reports. Geometry uses the 2013 Three Elk trailhead East Ridge ascent only; the emergency descent is excluded. It does not include the 2023 Harvard Lakes starting variant. Recorded summit elevation is anomalously low despite coordinates within 15 m of the published summit; no elevation correction is invented."
co14-107,107,2.0.0,,Mt. Democrat - West Ridge (identity pending),,Mt. Democrat,Mt. Democrat,,,,,,,,,,,,,,,,,,,,,Mt. Democrat,"[""Mt. Democrat""]",unverified_request,pending,pending_measurements,unavailable,false,false,false,false,2.0.0,3.1.1,,User request retained for review; exact itinerary and claimed Class 4 remain unverified. Not a verified Buckskin traverse substitution.
co14-108,108,2.0.0,,Mt. Lindsey - Northwest Ridge,,Mt. Lindsey,Mt. Lindsey,,,https://www.14ers.com/route.php?route=lind2,,,,,,,,,,,,,,,,,,Mt. Lindsey,"[""Mt. Lindsey""]",official_overview,verified,recorded_profile_with_qa,recorded_source_track,false,true,true,false,2.0.0,3.1.1,3,Official Class 3 bypass; optional direct Class 4 variant is not silently substituted.
co14-109,109,2.0.0,,Mt. Princeton - Southwest Ridge via Grouse Canyon,,Mt. Princeton,Mt. Princeton,,,https://www.14ers.com/php14ers/tripreport.php?trip=3363,,,,,,,,,,,,,,,,,,Mt. Princeton,"[""Mt. Princeton""]",trip_report,verified,curated_profile_rank_ready_plot_pending,recorded_source_track,false,false,true,false,2.0.0,3.1.1,3,"Grade 3 selects the short direct ridge pitch explicitly climbed in report 3363 rather than silently taking the Class 2+ bypass. Ordinal risks are analyst estimates from exposed short ridge pitch, loose scree/talus, unmarked trail junctions/bushwhacking and sustained 5000+ ft ascent. GPX upload Princeton - Grouse Canyon by butcher213, climbed July 3, 2021, reaches summit and returns to starting area. Retain separate segments; published 2007 totals are a separate observation."
co14-110,110,2.0.0,,Mt. Wilson - North Slopes from Navajo Basin trailhead,,Mt. Wilson,Mt. Wilson,,,https://www.14ers.com/route.php?route=mwil2,,,,,,,,,,,,,,,,,,Mt. Wilson,"[""Mt. Wilson""]",official_overview,verified,recorded_profile_with_qa,recorded_source_track,false,true,true,false,2.0.0,3.1.1,4,Full Navajo Basin trailhead published totals; not shorter Navajo Lake-only or Rock of Ages totals.
co14-111,111,2.0.0,,Snowmass Mountain - S Ridge,,Snowmass Mountain,Snowmass Mountain,,,https://www.14ers.com/php14ers/tripreport.php?trip=23538,,,,,,,,,,,,,,,,,,Snowmass Mountain,"[""Snowmass Mountain""]",trip_report,verified,curated_profile_rank_ready_plot_pending,recorded_ascent_only,false,false,true,false,2.0.0,3.1.1,3,"Grade 3 is supported by the official peak FAQ and S-ridge report; ordinal ratings are analyst estimates from airy Class 3 ridge, loose approach/gully contrasting with more solid ridge rock, ambiguous crux/return navigation and remote Lead King Basin access. GPX upload Snowmass S Ridge by josephnephi, climbed June 18, 2022; only ascent to summit is used. Recording starts near Geneva Lake; Lead King trailhead approach and return are absent. Seasonal conditions of this uploaded recording are unverified."
co14-112,112,2.0.0,,Sunshine Peak - Northwest Face,,Sunshine Peak,Sunshine Peak,,,https://www.14ers.com/route.php?route=suns3,,,,,,,,,,,,,,,,,,Sunshine Peak,"[""Sunshine Peak""]",official_overview,verified,recorded_profile_with_qa,recorded_source_track,false,true,true,false,2.0.0,3.1.1,2,Official Northwest Face itinerary; East Ridge winter variant remains deferred.
